,L,R
0,z,G3
1,z,D#4A4
2,z,A4
3,G3C4D#4,G5C6D#6G6
4,C#4,C#5
5,C4,D#5
6,z,z
7,z,B5
8,C3D#3G3,G4G5
9,C#4,C#5
10,A#2,A#3
11,G#3A#3D4,F4A#4F5
12,G2,D5G5
13,z,z
14,z,A5
15,C#4,C#5
16,G3,B4
17,z,C5
18,z,G4
19,z,z
20,z,C5
21,D3,G4B4
22,C3D#3G3,D4D5
23,z,A5
24,C3C4,G5A#5E6
25,z,G4
26,z,z
27,z,G5
28,z,G4
29,A#2,A#4
30,C#4,C#5
31,z,E5
32,z,G5
33,G3,F#4
34,z,C5
35,z,z
36,z,z
37,A#2,A#4
38,D#3G#3C4,C5D#5
39,z,G5
40,E3A3C#4,C#6
41,z,G3
42,G3,B4
43,C3D#3G3,G4G5
44,z,C5
45,z,D6
46,z,B5
47,z,G5
48,F3,F4
49,z,D5
50,A#2D#3G3,A#4D5
51,z,A4
52,z,A5
53,z,A4
54,C3,C6
55,z,z
56,G2,A3D4F#4
57,F3,F4
58,z,G4
59,z,D5
60,z,G3
61,z,z
62,z,E5
63,z,C5
64,z,A4
65,z,F5
66,z,A5
67,G3,F#4
68,G3,B4
69,D2,C#4E4
70,z,z
71,z,G4
72,z,D5
73,z,z
74,z,z
75,C3D#3G3,G4G5
76,z,D5
77,G3D4F4G4,B2
78,z,G4
79,z,G4
80,z,z
81,z,G5
82,z,E4
83,z,D5
84,z,E4
85,z,E4
86,G3,F#4
87,z,G4
88,F3,F4
89,z,A4
90,z,E5
91,C4D4,B4G#5
92,z,E4
93,C3,C6
94,z,C3D#3G3
95,z,C5
96,D#3G3C4,D#4G4D5
97,z,C5D#5G5
98,F#3,F#5
99,z,F5
100,A#2D#3G3,G4A#4D#5
101,z,D5
102,A#2,A#3
103,A#2D#3G3,A#4D5
104,z,D5
105,F3,F4
106,z,G5
107,A#2,A#4
108,z,G#5C6
109,F3,D4
110,z,D5
111,z,A5
112,z,F5
113,z,A4
114,z,F5
115,z,A5
116,z,G5
117,G3,F#4
118,z,E5
119,z,C5
120,G3,B4
121,F3,F4
122,z,z
123,G3,B4
124,z,G4
125,z,C3D#3G3
126,z,C5
127,A#2D#3G3,A#4D5
128,F3A3C4,A4C5
129,z,G4
130,z,z
131,z,z
132,z,A4
133,z,G5
134,G3,B4
135,z,G4
136,z,B5
137,z,D5
138,z,z
139,A#1A#2,F5A#5D6
140,z,C5
141,G3,B4
142,z,C3D#3G3
143,G3,B4
144,z,A4
145,z,G5
146,z,G5
147,G3,B4
148,F3,D4
149,G3,B4
150,z,D5
151,z,F5
152,z,E5
153,z,F5
154,F#4,A4F#5A5
155,z,D5
156,G3,D#4
157,D#2,F5C#6
158,G3,F#4
159,E3G3C4,F4A4
160,z,G4
161,z,z
162,F3,D4
163,A#2,D4F4A#4
164,D#3G#3C4,C5D#5
165,z,E4
166,C3,A3
167,z,C5
168,A#2,A#3
169,z,A4
170,C3D#3G3,D#4D#5
171,z,E5
172,z,z
173,G#2,C5D#5G#5C6
174,C3,C4
175,D2,A3C#4E4
176,D3,G4B4
177,z,G5
178,z,C6D#6
179,C3,C4
180,z,E5
181,z,G4
182,G3D4F4G4,B2
183,z,D5
184,z,D5
185,z,G5
186,z,A5
187,C3,C6
188,D#3G#3C4,B4D5
189,A#2,A#3
190,z,A4
191,G3,B4
192,z,G4
193,A#2,A#4
194,z,E5
195,C3,C6
196,A#2,A#3
197,z,G4
198,z,E5
199,z,B5
200,G3,B4
201,C#4,C#5
202,z,C5
203,C4,D#5
204,z,z
205,z,A4
206,D2A2F#3,D4F#4A4D5
207,z,G#5C6
208,z,G4
209,z,E5
210,z,A4
211,D#3G3C4,D#4G4D5
212,z,D5
213,A2,F#3A3C#4
214,z,G5
215,z,D5
216,C3,C4
217,z,C5
218,G2,D4G4B4
219,G3C4D#4,C5D#5C6
220,C#4,C#5
221,G3,B4
222,F#3,F#5
223,E3B3D4,E7
224,z,z
225,G#2,C5D#5G#5C6
226,D3F3G#3A#3,A#4D5F5
227,z,D5F5
228,z,C5
229,G3,B4
230,z,A5
231,z,z
232,z,A4
233,z,z
234,z,D4F4
235,D#3G3A#3,D#4G4A#4
236,C3,C4
237,F3G3B3,G#4
238,F3,D4
239,z,A4
240,A#2C3E3,E4G4C5
241,D#3G#3C4,C5D#5
242,z,E5
243,z,G5
244,A2,D4F#4A4
245,z,B5
246,z,C5
247,z,z
248,F3G3B3,G#4
249,z,E5
250,z,C5
251,z,z
252,z,z
253,z,E5
254,z,D5
255,z,z
256,C3,C6
257,z,D5
258,F3,F4
259,z,D5
260,G3,B4
261,G3,F#4
262,F3,F4
263,z,z
264,G2,A3D4F#4
265,z,F5G#5
266,z,E5
267,E3A3C4,A6
268,z,z
269,z,G5
270,z,E5
271,z,z
272,z,E5
273,C3,E5G5
274,G3,B4
275,z,z
276,F3G#3C4,C5F5G#5C6
277,z,G4
278,z,A5
279,z,A4
280,z,D5
281,z,D5
282,F#3,F#5
283,D#3G#3C4,C5D#5
284,C2C3,C5D#5G5C6
285,z,D5
286,z,G4
287,z,z
288,z,C5
289,F#3,D5B5
290,z,G5
291,z,F5
292,z,A4
293,z,G5
294,z,D5
295,z,G3
296,F3A3C4,A4C5
297,C3,C4
298,D#2,D#5G5A5
299,z,C5
300,z,E5
301,z,D5
302,z,G4
303,z,G5
304,z,A5
305,C3,C4E4
306,z,G3
307,z,A5
308,z,B5
309,z,D4F4
310,z,A4
311,z,z
312,A#2,D4F4A#4
313,F3,F5A5
314,z,A4
315,F3,D4
316,G3,B4
317,z,C5
318,G2,B4D5G5
319,z,z
320,z,A4
321,z,z
322,z,E4
323,z,G5
324,z,B5
325,z,C5
326,z,z
327,z,z
328,A2,C#5E5
329,z,C5
330,z,G4
331,A#2D#3G3,G4A#4
332,z,D5
333,z,z
334,z,D5
335,z,A4
336,z,A4
337,G3,A#5
338,z,G4
339,z,C5
340,F3G3B3,G#4
341,z,z
342,z,C5
343,G3,B4
344,D#3G#3C4,D#5G#5C6
345,z,D5
346,D#3G#3C4,C5D#5
347,z,D5F5
348,D#2,D#5G5A5
349,z,A4
350,A#2,A#3
351,z,z
352,A#2D#3G3,G4A#4D#5
353,E2,E3G3B3
354,z,G#5C6
355,z,z
356,F3,F4
357,F3,F4
358,z,A5
359,z,A5
360,z,D5
361,C3D#3G3,D#4D#5
362,z,D5
363,C#3F3A#3,C#5F5
364,G3,B4
365,A#2,A#4
366,z,z
367,D#3G3C4,D#4G4D#5
368,z,z
369,G3,B4
370,z,D5
371,z,C5
372,D#2,F5G5C#6
373,F3,F4
374,z,z
375,z,C5
376,z,z
377,z,C3D#3G3
378,z,B5
379,z,C5
380,G3,D#4
381,z,D5
382,D3,G4B4
383,F3,D4
384,A#2,A#4
385,C4D4,B4G#5
386,z,z
387,A#2,A#4
388,D3,A4B4
389,G3D4F4,B4D5F5G5B5
390,D3,D5A5B5
391,z,F5
392,F3,D4
393,F3G#3A#3D4,D4F4G#4C5
394,A#2D#3G3,D#4G4
395,z,z
396,G3,B4
397,z,F5
398,C3,E5G5
399,z,G5
400,z,D#5G5
401,z,E5
402,z,E5
403,z,A4
404,z,A4
405,z,A4
406,G3D4F4G4,B2
407,z,E5G5C6
408,C4D#4G4,C3
409,z,E5
410,z,B5
411,F3,D4
412,F3,D4
413,z,A4
414,G#3C4D4F4,F3
415,z,z
416,z,D5
417,z,E5
418,z,F5
419,z,A4
420,z,A5
421,A#2,D4F4A#4
422,C3D#3G3,G4G5
423,D#3G3C#4,D#5G5A#5
424,z,C5
425,F3,F4
426,F3,D4
427,z,D#5G5
428,z,C5
429,z,z
430,F3,D4
431,G3,B4
432,z,F5
433,z,G5
434,z,C5
435,z,C5
436,G3,F#4
437,F#3,F#5
438,z,E5
439,z,G4
440,z,G4
441,G3D4F4G4,G2
442,z,z
443,F3G#3C4,F4F5
444,z,z
445,z,D5F5
446,F#3,F#5
447,C3D#3G3,G4G5
448,z,E5
449,z,z
450,G3,B4
451,G3,D#4
452,G3,A#5
453,z,A4
454,G3,D#4
455,z,G5
456,z,G4
457,F#3,F#5
458,z,G4
459,z,C5
460,C4D4,B4G#5
461,z,F5
462,z,z
463,z,B5
464,z,E5
465,z,z
466,z,A5
467,G3,F#4
468,z,G4
469,z,B5D6
470,z,G5
471,z,G4
472,A2,E4A4
473,z,D5
474,z,A5
475,G3,A#5
476,z,z
477,z,z
478,A#2C3E3,E4G4C5
479,z,D6
480,z,G5
481,z,A5
482,z,z
483,z,D5
484,D#2,F5C#6
485,F#3,F#4B4D5
486,z,G4
487,B2,F#4C#5D5
488,G3C4D#4,D#5G5C6D#6
489,z,z
490,z,A4
491,F3G3,B3
492,z,A4
493,C3,C6
494,G3,F#4
495,z,G5
496,G#2,C5D#5G#5C6
497,C3D#3G#3,G4C5D#5
498,A#2,A#4
499,z,D5
500,G3,B4
501,G3,F#4
502,C4,D#5
503,z,G4
504,z,G4
505,z,E5
506,z,A4
507,z,E5
508,z,G5
509,z,C5
510,C2C3,C4D#4G4
511,D3,D5F#5
512,z,z
513,z,D5
514,z,D5
515,z,E4
516,F#3,F#4B4D5
517,G2,A3D4F#4
518,A#2D#3G3,G4A#4
519,z,z
520,z,C5
521,z,z
522,C#4,C#5
523,F3,D4
524,z,A5
525,D3F3G#3A#3,A#4D5F5
526,z,D5
527,F3,F4
528,z,D5
529,z,D6
530,E3G3C4,F4A4
531,G3,D#4
532,z,A4
533,z,z
534,D#3G#3C4,C5D#5
535,F3,D4
536,z,E5
537,z,E5G5C6
538,G3C4D#4,D#5G5C6D#6
539,D#3G#3C4,C5D#5
540,z,G5
541,z,E5
542,z,E5
543,G3,F#4
544,z,D#5G5
545,F#3,F#5
546,D2,C#4E4
547,C#4,C#5
548,z,C5
549,z,E4
550,z,A4
551,E3,E4A4C#5
552,F3G#3C4,F5G#5C6F6
553,z,A5
554,G3,B4
555,G3,B4
556,z,B5
557,z,C5
558,G2,A3D4F#4
559,z,A4
560,z,B5
561,E3,E4A4C#5
562,z,E4
563,z,C5
564,C3,C6
565,z,E4
566,F#3,F#5
567,G3,B4
568,G3,B4
569,z,A5
570,z,F5
571,z,E4
572,D#3G3C4,D#5C6
573,z,C5
574,A#2D#3G3,D#4G4
575,A#2,A#4
576,z,G5
577,z,F5
578,z,z
579,z,A5
580,z,D5
581,F3G3,B3
582,G3,B3D4
583,z,D5
584,z,E5
585,F#3,F#5
586,F3,F4
587,D3,G4B4
588,G3C4D#4,G5C6D#6G6
589,z,B5
590,G3,B4
591,A#2D#3G3,G4A#4
592,C3D#3F#3,F#4F#5
593,z,A5
594,z,D5
595,F#3,F#5
596,z,A5
597,z,z
598,G3,E4G4
599,A#2,A#3
600,G3,D#4
601,z,z
602,z,z
603,G2,G5B5
604,z,E5
605,z,D5
606,z,G5
607,F3G#3D4,D5F5A#5D6
608,z,G4
609,F3G#3C4D4,A#3D4F4
610,z,A4
611,G3,B4
612,G3,B4
613,z,D5
614,z,C5
615,z,A5
616,G3,B4
617,C3,C4E4
618,z,z
619,z,F5
620,D3F3G3,B3B4
621,F3,F5A5
622,A#2,A#3
623,D#3G3A#3,D#4G4A#4
624,C3,C4
625,G3,A#5
626,z,D5
627,F3,D4
628,E3G3,C5E5
629,z,z
630,z,G5
631,C4D4,B4G#5
632,G3,F#4
633,z,D5
634,F3,D4
635,z,F5
636,z,F5
637,F3,D4
638,z,D5
639,C3,C6
640,B2,C#5D5
641,G3,B4
642,G#2,C5D#5G#5C6
643,D#3G3C4,D#4G4D5
644,C3,A3
645,C4,D#5
646,D#2,D#5G5A#5D#6
647,z,A4
648,z,z
649,G3,D#4
650,E3A3C4,A6
651,z,E5
652,z,E5
653,z,E5
654,z,G4
655,C3D#3G3,D#4D#5
656,z,G4
657,z,A5
658,z,A4
659,G2,A#3D4G4
660,C#4,C#5
661,C3D#3G3,G4G5
662,F3,D4
663,G3,A#5
664,z,G4
665,A#1A#2,C5F5C6
666,C2C3,C5D#5G5C6
667,z,A5
668,z,D5
669,C3D#3G3,D#4D#5
670,z,E5
671,F#3,D5B5
672,C4D4,C5A5
673,C3,C4E4
674,z,C5
675,A#2D#3G3,D#4G4
676,G3,B4
677,z,D6
678,z,G5
679,D#3G#3A#3,D4F4C5
680,A2,F#3A3C#4
681,A#2D#3G3,D#4G4
682,z,D5
683,z,E5
684,F3,F4
685,z,A4
686,z,z
687,z,E5G5C6
688,C#4,C#5
689,z,G4
690,z,D5
691,z,E4
692,G3,A#5
693,z,G5
694,z,D5
695,z,D#5G5
696,z,A4
697,z,z
698,z,A5
699,z,D6
700,z,D5
701,z,A5
702,F#3,F#5
703,F3,F4
704,z,G5
705,A#2,D4F4A#4
706,G1G2,B3D4G4B4
707,z,G5
708,z,A4
709,F#3,F#5
710,z,D4F4
711,z,z
712,A3,E4E5
713,F3G#3D4,D5F5A#5D6
714,z,G5
715,z,C5
716,D2A2F#3,D4F#4A4D5
717,z,C5
718,A#2,D4F4A#4
719,z,D5
720,z,A4
721,z,A4
722,G3,F#4
723,z,D5
724,G2,D4G4B4
725,z,C3D#3G3
726,z,E5G5C6
727,z,E5
728,z,z
729,G3D4F4G4,B2
730,z,z
731,G2,E6
732,z,D5
733,G3,B3G4
734,F3,F4
735,z,z
736,z,G5
737,z,F5G#5
738,z,E5
739,z,G4
740,z,A4
741,z,G4
742,F3,F4
743,G3,B4
744,D#3G#3C4,B4D5
745,C3,C6
746,z,E5
747,F#3,F#5
748,z,G4
749,F3,F4
750,z,E5
751,z,G5
752,G3,B4
753,z,C5
754,z,E4
755,A2,F#3A3C#4
756,C#4,A4C#5E5
757,C4,D#5
758,F#3,F#5
759,z,E4
760,D#2,D#5G5A5
761,z,D5
762,G3,F#4
763,z,z
764,z,D5
765,z,z
766,A#2D#3G3,A#4D5
767,z,A4
768,F3,F4
769,z,E4
770,C3D#3G3,D#4D#5
771,C3,C4
772,C3D#3G3,G4G5
773,z,F5
774,z,E5
775,z,G5
776,z,D5F5
777,z,G5
778,F3,F4
779,G3,B4
780,D#3G#3C4,B4D5
781,C3,C4E4
782,D4,A4D5F#5
783,z,z
784,D3F3G#3A#3,A#4D5F5
785,F3G#3C4,F4F5
786,F3,D4
787,z,C5
788,C3,C6
789,z,C5
790,z,z
791,z,D5
792,z,D5
793,D#2,D#5G5A5
794,G3,F#4
795,C2C3,C4D#4G4
796,z,F5
797,z,G4
798,D#3G3A#3,A#4D#5G5
799,C3,C6
800,C#4,C#5
801,z,E4
802,A#2,A#4
803,z,A4
804,G#3A#3D4,F4A#4F5
805,F3,D4
806,z,E4
807,D#3G3C4,D#4G4D#5
808,z,z
809,z,E5
810,C4,D#5
811,z,C5
812,z,D6
813,C4,D#5
814,G3,B4
815,z,F5
816,F3,D4
817,z,E5
818,z,F5
819,z,z
820,z,G4
821,z,F5
822,z,A4
823,E3G3C4,F4A4
824,z,D5
825,z,F5
826,z,D5
827,z,C5
828,C3,C4
829,z,F5
830,z,G4
831,A#2D#3G3,A#4D5
832,z,C5
833,z,E4
834,z,E5
835,D#3G#3C4,C5D#5
836,z,G5
837,z,G5
838,z,F5
839,z,D5
840,z,G3
841,G3,F#4
842,z,G4
843,z,D6
844,z,F5
845,C#4,A4C#5
846,C3D#3G#3,G4C5D#5
847,z,G4
848,z,A4
849,A3,C#5A5
850,G1G2,B3D4G4B4
851,z,G5
852,F3,F4
853,C3,A3
854,z,A4
855,G2,E6
856,F3,D4
857,G3,F#4
858,D#3G#3C4,F5G#5C#6
859,G3,F#4
860,C3,C6
861,G3D4F4G4,B2
862,z,C5
863,C4,G5A#5
864,z,D4F4
865,C3,C6
866,z,E5
867,D#3G#3C4,C5D#5
868,F#3,F#5
869,z,G5
870,A#2,A#3
871,z,G4
872,z,D5
873,z,A5
874,A#2,A#4
875,z,z
876,z,z
877,G3,F#4
878,E3A3C4,B6
879,D3F3G#3A#3,D5F5D6
880,z,D5
881,C3,C4E4
882,z,D6
883,z,D5
884,z,F5
885,z,G5
886,z,z
887,z,C5
888,G#3A#3D4,G#4F5G#5
889,z,D5
890,F3,D4
891,D4,A4D5F#5
892,G3,B4
893,z,z
894,z,z
895,D#3G#3C4,B4D5
896,z,A4
897,C#4,A4C#5
898,F#3,F#5
899,z,B5
900,z,G4
901,z,D5F5
902,F3G3,B3
903,z,E4
904,z,z
905,z,D6
906,C3,C6
907,C4,D#5
908,z,G4
909,z,E5
910,z,z
911,G#3C4D4F4,F3
912,z,A4
913,C#4,C#5
914,C#4,C#5
915,z,E4
916,z,A4
917,G3,A#5
918,z,A5
919,z,A5
920,G2,D4G4B4
921,z,C5
922,G3D4F4,G4B4G5
923,z,F5
924,G3,B4
925,z,z
926,z,A5
927,C3D#3G3,G4G5
928,z,E5C6
929,z,C5
930,z,z
931,D2,A3C#4E4
932,z,z
933,z,A5
934,z,E4
935,z,z
936,z,A5
937,z,E4
938,z,A4
939,z,C5
940,z,D5
941,C2C3,C5D#5G5C6
942,D#3G#3C4,D#5G#5C6
943,z,A4
944,z,z
945,C3F3A#3,F4G#4
946,z,D5
947,C3,C6
948,z,C5
949,G#2,C5D#5G#5C6
950,z,C3D#3G3
951,z,D5
952,z,G5
953,z,C5
954,z,z
955,z,F5
956,G3D4F4,B4D5F5G5B5
957,E4,E4C5
958,G3,B4
959,z,F5
960,F3G3B3,G#4
961,G3,B4
962,F3,F4
963,G3D4F4G4,G2
964,C3D#3G3,D4D5
965,C3D#3G3,G4G5
966,z,A5
967,z,A5
968,z,A4
969,C3D#3F#3,F#4F#5
970,z,C5
971,C3,C6
972,z,G5
973,z,C5
974,z,C5
975,C3,C6
976,C#4,A4C#5E5
977,z,G5
978,A#2D#3G3,G4A#4D#5
979,z,G4
980,F3G#3A#3D4,A#4F5A#5
981,G2,F6
982,G3,B4
983,D#3G3C#4,D#5G5C6
984,z,E5
985,G3,B4
986,G3,B4
987,C3D#3G3,C4C5
988,z,z
989,z,C5
990,z,A4
991,z,z
992,z,C5
993,E2,E3G3B3
994,z,G4
995,F3,F5A5
996,D#3G3A#3,A#4D#5G5
997,z,z
998,F3G3,B3
999,z,G4
1000,G3,B4
1001,A3,C#5A5
1002,F3G#3C4,F5G#5C6F6
1003,z,A5
1004,D3,F4G4
1005,z,E5
1006,z,D5
1007,z,D4F4
1008,z,D5
1009,C3D#3F#3,F#4F#5
1010,z,A5
1011,z,F5
1012,z,C5
1013,E3A3C4,B6
1014,z,E5
1015,C4,G5A#5
1016,z,z
1017,z,D5
1018,D#3G#3C4,C5D#5
1019,G3,F#4
1020,z,C5
1021,F3,F4
1022,D3,D5F#5A5
1023,D#3G3C#4,D#5G5C6
1024,z,D5
1025,z,G5
1026,D#3G#3C4,F5G#5C#6
1027,z,G4
1028,z,C5
1029,G3D4F4,B4D5F5G5B5
1030,C4D#4G4,F#3
1031,z,G4
1032,F#3,F#5
1033,z,C5
1034,z,A4
1035,F3G#3C4,F4F5
1036,F3,F4
1037,F#3,F#5
1038,z,D5
1039,z,A4
1040,z,G5
1041,z,D#5G5
1042,z,D6
1043,z,C5
1044,z,D5
1045,A#2,A#4
1046,z,D5
1047,D3,G4B4
1048,z,G4
1049,z,A4
1050,z,E5
1051,F3,D4
1052,z,E4
1053,z,B5D6
1054,z,C3D#3G3
1055,z,A4
1056,F3G#3C4,F5G#5C6F6
1057,z,D5
1058,z,A5
1059,z,z
1060,z,G5
1061,z,G3
1062,z,F5
1063,A#2D3G#3,F4A#4D5
1064,z,E4
1065,z,C3D#3G3
1066,z,D5
1067,C3,C6
1068,z,D5
1069,z,E5
1070,F3,F4
1071,z,z
1072,z,z
1073,F3,F4
1074,z,A5
1075,z,G4
1076,z,D4F4
1077,G#3A#3D4,F4A#4F5
1078,z,D5
1079,z,F5
1080,z,G4
1081,z,E5
1082,z,D4F4
1083,z,E5
1084,z,F5
1085,C3D#3G3,D#4D#5
1086,z,D5F5
1087,z,A4
1088,z,F5
1089,D#3G#3C4,C5D#5
1090,z,E5
1091,C#4,C#5
1092,C4D#4G4,D3
1093,F#3,F#5
1094,z,F5
1095,A#2,A#4
1096,F4,F4B4
1097,F#4,A4F#5A5
1098,z,D5
1099,G3,B4
1100,C3,C6
1101,z,D5
1102,z,z
1103,z,A4
1104,z,A4
1105,E3G3,C5E5
1106,z,E5
1107,z,E5
1108,C2C3,C5D#5G5C6
1109,z,C3D#3G3
1110,z,A4
1111,z,E5C6
1112,z,A4
1113,F3,F4
1114,C#4,C#5
1115,z,D5F5
1116,z,G4
1117,C2C3,C4D#4G4
1118,z,F5
1119,z,z
1120,C3,C4
1121,D4,A4D5F#5
1122,z,G#5C6
1123,C#4,C#5
1124,z,E5C6
1125,z,G4
1126,F3,F4
1127,z,G4
1128,z,D#5G5
1129,z,E5
1130,z,D5
1131,z,C5
1132,z,B5
1133,z,z
1134,z,F5
1135,G3,D#4
1136,G3,F#4
1137,z,G4
1138,z,D5
1139,z,C5
1140,z,F5
1141,z,E5
1142,z,G4
1143,z,F5
1144,z,z
1145,z,B5
1146,G3,B4
1147,G3,B4
1148,z,z
1149,D#3G3C#4,C#5C#6
1150,z,G5
1151,F3,D4
1152,A2,F#3A3C#4
1153,z,z
1154,z,D5
1155,z,A4
1156,z,C5
1157,D2A2F#3,D4F#4A4D5
1158,z,z
1159,F3,D4
1160,z,G4
1161,z,z
1162,z,G4
1163,G3,B4
1164,F3,F4
1165,G#2D#3F3,G4D#5
1166,G3,B4
1167,G3,F#4
1168,G3,B4
1169,z,E4
1170,F3,D4
1171,z,z
1172,z,A4
1173,z,C5
1174,z,G4
1175,F3G#3C4,F4F5
1176,z,D5F5
1177,F3G#3C4,C5F5G#5C6
1178,F3A3C4,A4C5
1179,G3,B4
1180,z,G5
1181,z,z
1182,A2,F#3A3C#4
1183,z,z
1184,F3,F4
1185,D3F3G#3A#3,D5F5D6
1186,C#4,C#5
1187,D#3G#3C4,C5D#5
1188,z,F5G#5
1189,z,C6D#6
1190,C4,D#5
1191,G3,B4
1192,z,G3
1193,z,G5
1194,F3G3,B3
1195,z,A4
1196,z,G5
1197,D#3G3C#4,D5G5B5
1198,F3,D4
1199,z,A4
1200,G3,B4
1201,G2,D4G4B4
1202,G#2,C5D#5G#5C6
1203,A#2D#3G3,A#4D#5A#5
1204,C#4,C#5
1205,z,C5
1206,z,z
1207,z,E5
1208,z,A4
1209,C4,D#5
1210,G3,B4
1211,C4,G5A#5
1212,z,A4
1213,C3D#3G3,C4C5
1214,z,z
1215,z,A4
1216,C4D#4G4,G#3
1217,z,A5
1218,z,F5
1219,z,C5
1220,z,E5
1221,z,D5F5
1222,z,D5
1223,E3G3,C5E5
1224,z,A4
1225,F3,F5A5
1226,D2,A3C#4E4
1227,z,F5
1228,E3G3,C5E5
1229,G3,D#4
1230,z,F5
1231,D3G#3A#3,F4D5
1232,C3,C6
1233,z,z
1234,A#2,A#4
1235,z,G5
1236,F3,F4
1237,C3D#3G3,D#5G5D#6
1238,z,G5
1239,z,G4
1240,F3G#3C4,G5D6G6
1241,z,E5
1242,G3,B4
1243,F#3,F#5
1244,F3G#3C4D4,A#3D4F4
1245,G3,B4
1246,z,G5
1247,z,G5
1248,z,G3
1249,E3G3,E5A5
1250,z,A5
1251,F3,D4
1252,z,z
1253,F3,F5A5
1254,z,G3
1255,G3,F#4
1256,C3D#3G3,C4C5
1257,z,C5
1258,C2C3,C4D#4G4
1259,z,G5
1260,z,G4
1261,G3,F#4
1262,z,B5
1263,F3,F4
1264,G3C4D#4,D5G5D6
1265,F#4,A4F#5A5
1266,z,G3
1267,z,E5
1268,z,C5
1269,G3,F#4
1270,D#3G#3C4,C5D#5
1271,z,G5
1272,z,z
1273,C3,C6
1274,F3,F4
1275,G#2,C5D#5G#5C6
1276,D#2,G#4C5
1277,z,z
1278,G2,D4G4B4
1279,z,E5
1280,A3,C4F#4
1281,z,E5
1282,C2C3,C5D#5G5C6
1283,G3,A#5
1284,z,G5
1285,z,G5
1286,E2E3,B3E4G#4
1287,F#3C4D#4,F#5C6D#6F#6
1288,z,z
1289,C4D#4G4,C3
1290,C3,C6
1291,z,F5G#5
1292,C4D#4G4,G#3
1293,A#2,A#4
1294,z,A4
1295,z,A4
1296,C4D#4G4,C3
1297,z,C5
1298,F3G3B3,G#4
1299,z,G5
1300,z,F5
1301,z,E5
1302,A#1,C4D#4
1303,F3,D4
1304,z,A5
1305,z,G5
1306,z,G4
1307,F3,F4
1308,G3,B4
1309,z,C5
1310,z,A5
1311,F3G#3C4,F5G#5C6F6
1312,z,A4
1313,F3,A5C6
1314,G3,B4
1315,z,B5
1316,z,C5
1317,z,A5
1318,D3F3G3,B3B4
1319,z,C5
1320,z,B5
1321,z,G4
1322,z,G4
1323,F3,D4
1324,z,z
1325,z,A4
1326,z,B5
1327,C#4,C#5
1328,z,E5
1329,z,E4
1330,F3,D4
1331,z,B5D6
1332,z,D5
1333,z,z
1334,z,z
1335,D#3G3C#4,D#5G5C6
1336,G#2,C5D#5G#5C6
1337,G3,F#4
1338,z,E4
1339,A#2C3E3,E4G4C5
1340,A#2,A#4
1341,z,B5
1342,z,E5
1343,G3,B4
1344,z,E5
1345,G#3D4,C4F4
1346,z,A5
1347,z,B5
1348,A#2D#3G3,G4A#4
1349,E3G3C4,F4A4
1350,G3,E4G4
1351,C3,C4E4
1352,z,z
1353,C4,D#5
1354,G3,B4
1355,C#4,C#5
1356,G3,B4
1357,F#2,C#5F#5
1358,z,F5
1359,z,F5
1360,z,F5
1361,z,A5
1362,z,D5
1363,D#3G#3C4,B4D5
1364,C2C3,C5D#5G5C6
1365,A#2,A#4
1366,z,E5
1367,z,D6
1368,z,C5
1369,C3D#3G3,G4G5
1370,z,A4
1371,z,G4
1372,z,D#5G5
1373,z,A4
1374,z,B5D6
1375,z,z
1376,z,C5
1377,D#3G#3C4,C5D#5
1378,G3,F#4
1379,A#2C3E3,E4G4C5
1380,z,C5
1381,G3,B3D4
1382,z,D5F5
1383,z,C5
1384,z,C5
1385,z,B5D6
1386,z,G4
1387,z,G4
1388,z,A5
1389,C#4,C#5
1390,G1G2,G2B2D3G3
1391,z,z
1392,A#2,A#4
1393,z,G5
1394,G#3C4D4F4,F3
1395,z,F5
1396,C2C3,C4D#4G4
1397,z,E4
1398,z,D5
1399,E3G3,C5E5
1400,z,G5
1401,D#3G#3C4,C5D#5
1402,D#3G3A#3,D#4G4A#4
1403,z,A5
1404,D3,F#4A4D5
1405,F3,F4
1406,z,E5
1407,G3,B4
1408,D#3G3C4,D#4G4D5
1409,z,D5
1410,F3,D4
1411,G3,F#4
1412,z,z
1413,F3,F4
1414,z,A4
1415,z,F5
1416,z,z
1417,A#2,A#3
1418,z,G5
1419,z,E4
1420,G3,B4
1421,z,F5
1422,z,E4
1423,F3G#3C4,F4F5
1424,z,D5
1425,z,C5
1426,D#3G3A#3,A#4D#5G5
1427,z,G5
1428,z,z
1429,G2,B4G5
1430,z,z
1431,z,G5
1432,z,G4
1433,G#2,C5D#5G#5C6
1434,z,D5
1435,C4,D#5
1436,z,G4
1437,F3G3,B3
1438,z,C3D#3G3
1439,z,G5
1440,z,G5
1441,z,D5
1442,z,A5
1443,z,z
1444,A2,F#3A3C#4
1445,z,C5
1446,z,E5
1447,F3,D4
1448,z,z
1449,F3G3B3,G#4
1450,F3,D4
1451,z,z
1452,F3G#3A#3D4,F4G#4A#4D5
1453,z,G5
1454,z,G4
1455,z,z
1456,z,C5
1457,z,F5
1458,C#4,C#5
1459,z,D5
1460,G3,B4
1461,G3,B4
1462,z,E4
1463,z,A5
1464,G#2,C5D#5G#5C6
1465,A#2,A#4
1466,z,C5
1467,D#3G#3C4,C5D#5
1468,C3D#3G3,D#4D#5
1469,D2,A3C#4E4A4
1470,C3,C4E4
1471,z,A5
1472,C3,C6
1473,F3,F4
1474,z,C5
1475,G#2,C5D#5G#5C6
1476,F3G#3C4,D5F5G#5D6
1477,G3,A#5
1478,z,D5
1479,z,z
1480,D3F3G#3A#3,A#4D5F5
1481,C#4,C#5
1482,z,D5
1483,z,G4
1484,F3,F4
1485,A#2,A#3
1486,z,D6
1487,F#3,F#5
1488,z,A5
1489,z,G4
1490,z,D5
1491,G3C4D#4,G#5D#6G#6
1492,z,E4
1493,G#3A#3D4,G#4F5G#5
1494,F#3,F#5
1495,D#2,D#5G5A#5D#6
1496,z,D6
1497,z,E5
1498,z,A5
1499,D#3G#3C4,C5D#5
1500,C3D#3F#3,F#4F#5
1501,z,A4
1502,F#2,D5B5D6
1503,z,z
1504,z,D4F4
1505,D#3G3A#3,G5D#6
1506,z,z
1507,C4,B3D4G4
1508,z,G4
1509,z,A4
1510,z,D5
1511,z,E5
1512,z,G5
1513,z,A5
1514,z,C5
1515,G2,F6
1516,z,z
1517,z,D5
1518,C3,C4
1519,C2,C5E5G5C6
1520,F#3,F#5
1521,z,C5
1522,z,D5
1523,z,E5
1524,z,C6D#6
1525,D#3G#3C4,C5D#5
1526,z,B3F4
1527,z,D5
1528,G3,F#4
1529,z,D5
1530,z,D5
1531,G#2,C5D#5G#5C6
1532,z,z
1533,G3,F#4
1534,z,C5
1535,F#3,F#5
1536,F3,D4
1537,z,F5
1538,F3,D4
1539,z,F5
1540,z,G5
1541,z,z
1542,C3D#3G3,C4C5
1543,z,D5
1544,z,E4
1545,z,E5
1546,z,z
1547,F3,F4
1548,z,G4
1549,z,z
1550,z,C5
1551,A#2,A#4
1552,z,E5
1553,z,C5
1554,z,C5
1555,z,B5
1556,D2,A3C#4E4
1557,z,B5D6
1558,z,C5
1559,z,z
1560,A#2,D4F4A#4
1561,z,D5
1562,z,A4
1563,F3,F4
1564,F#3,F#5
1565,C3D#3G3,G4G5
1566,G3,F#4
1567,z,F5
1568,F#3,F#5
1569,G3,F#4
1570,A#2,A#3
1571,G3,B4
1572,G3,D#4
1573,D3F3G#3A#3,A#4D5F5
1574,z,z
1575,z,A5
1576,z,E5
1577,z,C5
1578,G3,B4
1579,z,C5
1580,D#2,D#5G5A#5D#6
1581,D#3G3C#4,G5A#5D#6
1582,z,D5F5
1583,z,D3B3
1584,z,D5
1585,z,F5
1586,G3,B4
1587,G3,B4
1588,z,G4
1589,D3,D5F#5
1590,z,C5
1591,z,D5
1592,z,F5
1593,z,D4F4
1594,C3,C6
1595,z,B5D6
1596,z,E5
1597,z,C5
1598,C3,C6
1599,A#2,D4F4A#4
1600,F#3,F#5
1601,z,z
1602,C#4,C#5
1603,z,A5
1604,z,D5F5
1605,z,D5
1606,C3,C4
1607,E2,E3G3B3
1608,z,G4
1609,C4,D#5
1610,z,E4
1611,C3,E5G5
1612,z,G4C#5
1613,z,E5
1614,F3G3B3,G#4
1615,F3,D4
1616,G3,D#4
1617,F3G3,B4F5
1618,z,F5
1619,A#2D#3G3,D#4G4
1620,z,B5
1621,D3,D5F#5
1622,D#3G#3C4,C5D#5
1623,A#2D#3G3,G4A#4D#5
1624,z,z
1625,z,C5
1626,z,E5
1627,z,B5
1628,z,A5
1629,z,G4
1630,A#2D#3G3,A#4D5
1631,F3G3B3,G#4
1632,z,z
1633,z,C3D#3G3
1634,C3,C4
1635,A#2,A#4
1636,E2E3,B3E4G#4
1637,F3G#3C4,C5F5G#5C6
1638,D3F3G3,B3B4
1639,z,C5
1640,z,A4
1641,z,E5
1642,A#2,G5A#5F6
1643,z,G4
1644,z,E4
1645,A#2,A#4
1646,G3,D#4
1647,C2C3,C4D#4G4
1648,z,z
1649,z,E5
1650,z,E5
1651,z,A5
1652,C4D#4G4,G#3
1653,z,E5
1654,D#2,D#5G5A#5D#6
1655,z,E5
1656,C3,C6
1657,z,G5
1658,z,A4
1659,G3,F#4
1660,z,C5
1661,D#3G#3C4,C5D#5
1662,G3,F#4
1663,z,G4
1664,z,C5
1665,z,G4
1666,G3,E4G4
1667,C4D4,C5A5
1668,z,E4
1669,z,D5
1670,z,z
1671,z,G5
1672,A#2,A#3
1673,z,A5
1674,z,A4
1675,z,A4
1676,z,C5
1677,C#4,C#5
1678,F#3,F#5
1679,z,F5
1680,G3,A#5
1681,z,G4
1682,A#2D#3G3,G4A#4
1683,z,B5D6
1684,F3,F4
1685,F3,A5C6
1686,C3,C4
1687,G3,B4
1688,z,F5
1689,D#3G#3C4,F5G#5C#6
1690,F3,D4
1691,C3D#3G#3,G4C5D#5
1692,z,z
1693,D#3G#3C4,B4D5
1694,z,z
1695,z,D5
1696,z,D5F5
1697,C#4,A4C#5
1698,C#4,C#5
1699,G3,B4
1700,G#2,C5D#5G#5C6
1701,E3G3C4,F4A4
1702,z,z
1703,z,G4
1704,z,z
1705,C3,C4
1706,z,D6
1707,z,z
1708,z,A4
1709,F#3,F#5
1710,z,z
1711,C4D4,C5A5
1712,z,G5
1713,G3,B4
1714,C3,C6
1715,z,D#5G5
1716,z,z
1717,z,G4
1718,G2,E6
1719,z,z
1720,z,B5
1721,G3,B4
1722,A#2,A#4
1723,z,B5D6
1724,z,z
1725,z,z
1726,C#4,C#5
1727,G3,B4
1728,z,E5
1729,z,E5
1730,F#3C4D#4,F#5C6D#6F#6
1731,F#3,F#5
1732,z,E5
1733,A#2D#3G3,D#4G4
1734,z,z
1735,z,G4
1736,z,D5
1737,z,C5
1738,z,A4
1739,z,G5
1740,A#2D#3G3,D#4G4
1741,z,G4
1742,z,z
1743,z,C5
1744,z,F5
1745,C#4,C#5
1746,z,z
1747,z,D6
1748,z,C5
1749,C3D#3G3,G4G5
1750,G3,B4
1751,z,A5
1752,A2,D4F#4A4
1753,F3G3B3,G#4
1754,z,D5
1755,A#2,A#4
1756,z,E4
1757,z,D5
1758,z,C5
1759,G3,A#5
1760,A3,C#5A5
1761,z,C5
1762,z,D#5G5
1763,z,F5
1764,G3,B4
1765,z,z
1766,z,A4
1767,z,F3D4
1768,z,D5
1769,F3,D4
1770,G#3C4D4F4,F3
1771,F3,F4
1772,C4D#4G4,C3
1773,z,F5G#5
1774,D#3G#3C4,B4D5
1775,z,E5
1776,z,D5
1777,A#2D#3G3,G4A#4D#5
1778,z,z
1779,z,G5
1780,z,C5
1781,C3,C6
1782,z,G5
1783,z,D5
1784,C4D#4G4,D#3
1785,F3,D4
1786,z,G4
1787,A#2D#3G3,D#4G4
1788,z,E5
1789,z,C5
1790,C3,C6
1791,z,z
1792,z,G5
1793,z,z
1794,A#2D#3G3,G4A#4D#5
1795,G#2D#3F3,G4D#5
1796,F3,F4
1797,E3G3,C5E5
1798,z,C5
1799,z,G4
1800,z,A4
1801,z,G5
1802,E3A3C4,A6
1803,z,G5
1804,z,A5
1805,z,G4
1806,F3,D4
1807,z,A4
1808,z,F5
1809,G3,B4
1810,C3,C4
1811,z,E5
1812,C3,C6
1813,G#2,C5D#5G#5C6
1814,z,G4
1815,D#3G#3C4,D#5G#5C6
1816,z,E5
1817,G3,E4G4
1818,z,C5
1819,F3,F4
1820,G3,B4
1821,z,G5
1822,z,D4A#4
1823,z,G5
1824,z,A4
1825,z,A5
1826,G3,B4
1827,E3G3C4,F4A4
1828,z,E4
1829,z,C5
1830,D3,D5F#5
1831,F3G#3C4,F5G#5C6F6
1832,G3,F#4
1833,z,z
1834,D#3G3C#4,G5A#5D#6
1835,z,z
1836,D#3G#3C4,C5D#5
1837,G3,E4G4
1838,z,z
1839,C4D#4G4,C3
1840,C#4,C#5
1841,F3,F4
1842,F#3,F#5
1843,A2,F#3A3
1844,z,E5
1845,z,G5
1846,z,C5
1847,z,G4
1848,z,C5
1849,z,A5
1850,F#3,F#5
1851,C3,C6
1852,z,F5
1853,F#3,F#5
1854,G3,F#4
1855,G3,B4
1856,z,z
1857,A2,F#5A5
1858,C3,E5G5
1859,z,C5
1860,C3,E5G5
1861,z,F5
1862,z,C5
1863,z,G5
1864,z,z
1865,z,A4
1866,z,D6
1867,z,A5
1868,D3,F#4A4D5
1869,z,G5
1870,F3,A5C6
1871,z,z
1872,z,A4
1873,z,A4
1874,z,D5
1875,z,G4
1876,z,C5
1877,D#3G#3C4,B4D5
1878,z,A4
1879,C4D#4G4,F#3
1880,G3,B4
1881,C3,C4
1882,F3G#3C4,F5G#5C6F6
1883,C4D#4G4,D3
1884,z,C5
1885,D#3G#3C4,C5D#5
1886,z,D5
1887,z,A4
1888,G3D4F4,G#5C6G#6
1889,z,F5
1890,z,E4
1891,z,G4
1892,z,F5
1893,G3,F#4
1894,z,C5
1895,D3,F5G5
1896,C#3F3A#3,C#5F5
1897,F3,D4
1898,z,A4
1899,F3,F4
1900,z,F5
1901,C4,G5A#5
1902,F3,F4
1903,z,C5
1904,z,A5
1905,G2,E6
1906,F3,D4
1907,z,E5
1908,z,z
1909,z,E5
1910,z,E5
1911,z,z
1912,z,D5F5
1913,z,z
1914,A#2,A#4
1915,z,F5
1916,z,A5
1917,D2,A4D5
1918,z,E4
1919,z,B5
1920,C3,C4
1921,A2,F#3A3C#4
1922,z,F5
1923,z,z
1924,z,A4
1925,z,A4
1926,D3,D5F#5A5
1927,C4D#4G4,D3
1928,G3,E4G4
1929,C2C3,C5D#5G5C6
1930,z,A4
1931,z,G5
1932,z,G4
1933,z,E5
1934,z,D#5G5
1935,z,E5
1936,z,G4
1937,F3,F#3C4
1938,z,z
1939,C3,C6
1940,F3,F4
1941,z,E5
1942,z,z
1943,z,F5
1944,z,A4
1945,z,z
1946,z,D4F4
1947,G3,B4
1948,D#3G3C4,D#4G4D5
1949,z,C5
1950,z,E5
1951,z,z
1952,G3,B4
1953,D#3G#3C4,C5D#5
1954,z,A4
1955,z,z
1956,z,D5
1957,F#3,F#5
1958,D3F3G#3A#3,A#4D5F5
1959,G1F#2,D3G3B3
1960,E3A3C#4,C#6
1961,z,A4
1962,z,D5
1963,C3,C4
1964,A#2D#3G3,A#4D#5A#5
1965,G3,D#4
1966,z,D5
1967,z,G4
1968,z,B5D6
1969,F#3,F#5
1970,z,E5
1971,G2,A#3D4G4
1972,A#2,A#3
1973,z,E5
1974,z,C5
1975,z,G4
1976,F#3,F#5
1977,z,F5
1978,z,z
1979,z,z
1980,z,D5
1981,z,z
1982,z,D4F4
1983,C#4,C#5
1984,z,z
1985,F#3,F#5
1986,A#2,A#4
1987,C3,C6
1988,z,D5
1989,z,G5
1990,G3D4F4,G5B5G6
1991,C3,C4E4
1992,z,G5
1993,D#3G3A#3,G5D#6
1994,A#2D#3G3,G4A#4
1995,F3,D4
1996,A2F#3A3,C#4C#5
1997,z,F5
1998,C2C3,C4D#4G4
1999,z,G4
2000,z,E4G#4
2001,C#4,A4C#5
2002,z,D5F5
2003,z,C5
2004,G2,E6
2005,z,C5
2006,z,C6D#6
2007,z,B5
2008,z,D5
2009,D2,A3C#4E4
2010,G3,B4
2011,G3,B4
2012,z,E5
2013,z,E4
2014,z,A5
2015,z,A4
2016,z,D5
2017,z,z
2018,z,A5
2019,z,G5
2020,F3,F5A5
2021,D#3G3C#4,G5A#5D#6F6
2022,z,A4
2023,A#2,A#3
2024,D2A2F#3,D4F#4A4D5
2025,z,E5
2026,z,C5
2027,z,z
2028,G3,B4
2029,z,A4
2030,G3,A#5
2031,G3,B4
2032,z,D5F5
2033,A#2D3G#3,F4A#4D5
2034,G#3C4D4F4,F3
2035,z,D3B3
2036,z,G5
2037,z,C5
2038,G#3C4D4F4,F3
2039,D#3G#3C4,C5D#5
2040,z,G4
2041,z,z
2042,G3,A#5
2043,z,D5
2044,z,F5
2045,z,G4
2046,C3,C6
2047,z,z
2048,z,z
2049,G3,A#5
2050,D#3G#3C4,C5D#5
2051,z,G5
2052,z,G5
2053,C#4,C#5
2054,z,A5
2055,z,F5
2056,B1,G#4F5
2057,F3,F4
2058,D#3G#3C4,C5D#5
2059,z,D5
2060,z,z
2061,z,G4
2062,C#4,C#5
2063,F3,A5C6
2064,D3,G4B4
2065,G2,E6
2066,z,E5
2067,G3,B4
2068,C4D#4G4,D3
2069,F3G#3C4,F5G#5C6F6
2070,A2,D4F#4A4
2071,C3C4,G4A#4E5
2072,F3,F5A5
2073,F#3,F#5
2074,z,z
2075,D#3G#3C4,C5D#5
2076,z,C5
2077,G3,B4
2078,z,C5
2079,E3G3,C5E5
2080,A2,F#3A3C#4
2081,z,z
2082,z,A4
2083,A#2,A#4
2084,z,z
2085,z,D5
2086,D3F3G#3A#3,D5F5D6
2087,z,G5
2088,G#2,C5D#5G#5C6
2089,C3,C4E4
2090,z,G4
2091,F3,F5A5
2092,z,D5
2093,z,E5
2094,D#3G3C#4,D#5G5C6
2095,D#3G3A#3,D#4G4A#4
2096,F3G3B3,G#4
2097,z,A4
2098,z,E4
2099,F3,A5C6
2100,D#3G#3C4,C5D#5
2101,C3,C4
2102,G3,B4
2103,F3,F4
2104,z,G5
2105,z,G4
2106,C4D#4G4,C3
2107,A2,F#3A3C#4
2108,z,G#5C6
2109,z,C5
2110,F3,D4
2111,z,z
2112,D3,D5F#5
2113,D#2,G#4C5
2114,z,D5
2115,z,A4
2116,C3,C6
2117,z,C5
2118,z,D#5G5
2119,z,C5
2120,G2,F6
2121,G2,A3D4
2122,z,D5
2123,D2,C#4E4
2124,C3,C4
2125,z,D5
2126,z,D5
2127,z,F5
2128,z,G4
2129,z,G4
2130,z,G4
2131,z,z
2132,z,G5
2133,F#3,F#5
2134,z,A4
2135,z,A5
2136,z,D5
2137,z,G4
2138,z,G5
2139,z,F5
2140,z,G5
2141,D#3G3C#4,C#5C#6
2142,C4D4,C5A5
2143,F#3,F#5
2144,z,A4
2145,z,A5
2146,D#3G3C#4,D#5G5A#5
2147,G3D4F4,B4D5B5
2148,z,C5
2149,z,E5
2150,z,A4
2151,z,C5
2152,z,D6
2153,C#4,C#5
2154,z,z
2155,z,C5
2156,F3G#3C4,F5G#5C6F6
2157,z,D5
2158,G3,F#4
2159,z,B5D6
2160,z,E4
2161,z,G3
2162,F3,F4
2163,z,D4F4
2164,G#3A#3D4,F4A#4F5
2165,C4,D#5
2166,F3,F4
2167,C3,C6
2168,z,D4F4
2169,G#3D4,C4F4
2170,F3,F4
2171,F3G#3A#3D4,A#4F5A#5
2172,z,z
2173,z,C5
2174,z,A5
2175,z,E4
2176,C3D#3G3,C4C5
2177,z,D5
2178,z,E5
2179,G3,B3D4
2180,G3,B4
2181,z,z
2182,z,G5
2183,z,A4
2184,F3,F4
2185,F3,F4
2186,z,A5
2187,z,A4
2188,A#2,A#3
2189,z,D5
2190,z,D5
2191,C3,C4E4
2192,A#2D#3G3,A#4D5
2193,z,A5
2194,z,D5
2195,C3D#3F#3,F#4F#5
2196,C3D#3G3,D4D5
2197,z,D5F5
2198,z,E4
2199,G3,D#4
2200,F3,A5C6
2201,C#4,C#5
2202,G#3A#3D4,F4A#4F5
2203,z,F5
2204,C3D#3F#3,F#4F#5
2205,F3G#3A#3,F5G#5C6
2206,z,z
2207,E3G3C4,F4A4
2208,z,A4
2209,D#3G3C#4,G5A#5D#6
2210,z,E5
2211,B1,G#4F5
2212,A#2D#3G3,G4A#4D#5
2213,F3,F4
2214,z,E4
2215,z,G5
2216,z,A4
2217,z,E5
2218,z,D5
2219,E3G3C4,F4A4
2220,G3,B4
2221,z,z
2222,z,C5
2223,z,z
2224,C#4,C#5
2225,z,z
2226,z,D5
2227,z,C5
2228,z,G3
2229,z,z
2230,C3,C6
2231,z,A4
2232,z,z
2233,G3D4F4,B4D5B5
2234,C3,C6
2235,C3,C4
2236,z,z
2237,C3,C6
2238,z,D5
2239,z,G5
2240,z,E5
2241,z,D6
2242,z,A4
2243,E2,E3G3B3
2244,G3,B3D4
2245,z,E5
2246,z,z
2247,z,G5
2248,F3,D4
2249,z,D5
2250,G3,B4
2251,z,A4
2252,G3,A#5
2253,G3,B4
2254,z,z
2255,z,E4
2256,F#3,F#5
2257,F3,F4
2258,D#2,G5F6
2259,G3,A#5
2260,z,E5
2261,z,D5
2262,z,A4
2263,z,G5
2264,z,G4
2265,z,C5
2266,z,D5
2267,z,A4
2268,D3,A4B4
2269,F3,F4
2270,z,D4F4
2271,z,D5
2272,A#2,A#4
2273,z,z
2274,E3G3C4,F4A4
2275,z,E4
2276,D#3G#3C4,B4D5
2277,z,E4
2278,C4D#4G4,D3
2279,z,E4
2280,z,G4
2281,C3,C4
2282,z,D5F5
2283,C3,E5G5
2284,G3,B4
2285,z,G4
2286,C3,E3C4
2287,z,B5
2288,z,D5
2289,z,G5
2290,F#3,F#5
2291,z,z
2292,z,C5
2293,C3D#3G3,C4C5
2294,F3,F5A5
2295,z,D5
2296,z,F5
2297,F#3,F#5
2298,z,C5
2299,z,z
2300,G#3C4D4F4,F3
2301,z,G4
2302,z,D5
2303,z,E4
2304,z,E5
2305,F3G3,B3
2306,z,E4
2307,z,D5F5
2308,z,z
2309,C4D4,C5A5
2310,z,A5
2311,G3,B3G4
2312,z,D5
2313,z,E5
2314,F3,F4
2315,C3,C6
2316,z,E5
2317,z,G4
2318,C3,E5G5
2319,z,E5
2320,F3G3B3,G#4
2321,z,B5
2322,G3D4F4,G5B5G6
2323,z,C3D#3G3
2324,z,D5
2325,z,z
2326,z,D5
2327,z,D5
2328,D3F3G#3A#3,D5F5D6
2329,G3,B4
2330,C3,C6
2331,z,z
2332,z,D5
2333,F3,D4
2334,z,E5
2335,z,G5
2336,z,C5
2337,z,D6
2338,z,B5D6
2339,z,z
2340,C3D#3G3,C4C5
2341,z,A4
2342,C3,C4
2343,z,E5
2344,z,E4
2345,z,G5
2346,z,G4
2347,D3F3G3,B3B4
2348,z,D#5G5
2349,z,E5
2350,z,E5
2351,z,E5
2352,F#3,F#5
2353,F3,F4
2354,z,D5F5
2355,z,D5
2356,E3G#3D4,F#6
2357,C4,D#5
2358,z,G3
2359,z,E4G#4
2360,G#2,C5D#5G#5C6
2361,A#2C3E3,E4G4A#4
2362,z,E5
2363,F3,F4
2364,z,A5
2365,C3,E3C4
2366,C4,G5A#5
2367,G3B3F4,G5B5D#6G6
2368,z,A4
2369,z,C5
2370,z,E4
2371,C#4,C#5
2372,z,D5F5
2373,z,D5
2374,F3,D4
2375,A#2D#3G3,G4A#4
2376,z,A4
2377,F#3,F#5
2378,z,G4
2379,G3,B4
2380,z,G5
2381,z,D5
2382,z,D5
2383,z,E4
2384,F#3,F#5
2385,G2,A3D4F#4
2386,z,C5
2387,z,z
2388,z,z
2389,z,D5
2390,F3,D4
2391,G3,B4
2392,F3G3,B3
2393,z,D5
2394,F3G3,B3
2395,z,E4
2396,z,z
2397,z,C5
2398,z,G3
2399,z,G5
2400,z,z
2401,z,D5
2402,z,A5
2403,z,z
2404,D3,D5A5B5
2405,G3,B4
2406,z,z
2407,F3,D4
2408,z,A5
2409,z,A4
2410,z,F5
2411,D#2,D#5G5A5
2412,F3,F4
2413,z,D5
2414,G3,F#4
2415,G3,B4
2416,A#2,A#3
2417,F3,F4
2418,z,D5
2419,z,F5G#5
2420,z,G5
2421,z,E4
2422,z,G4
2423,C#4,C#5
2424,z,D5
2425,z,G4
2426,C3,C4E4
2427,F#3,F#5
2428,z,z
2429,z,B5
2430,G3,B4
2431,z,z
2432,z,z
2433,z,G4
2434,F3,F4
2435,z,z
2436,z,D#5G5
2437,G3,F#4
2438,z,G4
2439,D4,A4D5F#5
2440,G3,B4
2441,z,A4
2442,D#3G3A#3,A#4D#5G5
2443,z,A4
2444,G3,B4
2445,z,C5
2446,z,F5
2447,z,D5
2448,z,D5
2449,G3,B4
2450,G3,F#4
2451,D2,A3C#4E4A4
2452,z,E5
2453,F3,F4
2454,A#2D#3G3,D#4G4
2455,z,F5
2456,z,z
2457,z,F5
2458,z,A4
2459,z,z
2460,z,A4
2461,z,F5
2462,z,A5
2463,z,D4F4
2464,z,D5
2465,z,F5
2466,z,D5
2467,D4,A4D5F#5
2468,z,A5
2469,C4,D#5
2470,F#3,F#5
2471,z,G4
2472,F#3,F#5
2473,G#3D4,C4F4A#4
2474,z,A4
2475,z,A5
2476,G3,B4
2477,z,G4
2478,z,E5
2479,z,G4
2480,z,A5
2481,G1F#2,D3G3B3
2482,z,A5
2483,z,C5
2484,z,z
2485,z,G5
2486,D#3G#3C4,B4D5
2487,z,F5
2488,z,D5
2489,G2,A3D4F#4
2490,z,C5
2491,A2,F#3A3C#4
2492,z,A5
2493,G2,A3D4
2494,z,A4
2495,z,D4F4
2496,z,G4
2497,z,F5
2498,z,B5
2499,D3,G4B4
2500,A#2,A#4
2501,z,G4
2502,A#2D#3G3,A#4D#5A#5
2503,z,z
2504,C#4,C#5
2505,z,G5
2506,z,A4
2507,A#2,A#4
2508,z,C6D#6
2509,z,G5
2510,z,A5
2511,z,D5
2512,C3,C4
2513,G3,F#4
2514,z,G4
2515,C2C3,C5D#5G5C6
2516,z,B5
2517,G2,D4G4B4
2518,z,D4F4
2519,z,z
2520,z,C5
2521,z,G4
2522,z,F5
2523,z,G4
2524,z,G4
2525,F3,D4
2526,C#4,C#5
2527,F#3,F#5
2528,G3,D#4
2529,z,D5
2530,D3F3G3,B3B4
2531,z,C5
2532,z,G5
2533,C4D#4G4,D3
2534,E3G3C4,F4A4
2535,z,D#5G5
2536,z,G5
2537,z,A4
2538,z,F5
2539,z,D5
2540,F3,D4
2541,z,C5
2542,G3,B4
2543,z,D5
2544,G3,B4
2545,z,E4
2546,z,B5
2547,G3,A#5
2548,C3,C4
2549,G3,A#5
2550,z,G5
2551,z,E4
2552,G3,F#4
2553,z,A5
2554,C3,C4E4
2555,z,z
2556,z,E5
2557,z,F5
2558,A#2,A#4
2559,z,C5
2560,C3,C6
2561,G3,B4
2562,z,D4F4
2563,z,G5
2564,C3,C4
2565,z,D5
2566,G2,A3D4F#4
2567,z,A4
2568,z,D5
2569,z,G4
2570,z,A4
2571,z,A4
2572,F3G3B3,G#4
2573,z,z
2574,z,F5
2575,z,D5F5
2576,G3,F#4
2577,D#3G3C4,D#4G4D5
2578,z,G4
2579,z,z
2580,C4D#4G4,D#3
2581,F#3,F#5
2582,z,G5
2583,E3,A4D5E5
2584,z,z
2585,C#4,C#5
2586,z,E5G5C6
2587,C3,E5G5
2588,z,E5
2589,z,C5
2590,z,D5F5
2591,D3F3G#3A#3,A#4D5F5
2592,z,F5
2593,z,z
2594,z,C5
2595,A#2D#3G3,G4A#4
2596,F3,D4
2597,z,F5
2598,E2E3,B3E4G#4
2599,C3,A3
2600,F3,F4
2601,C3,C6
2602,F3,D4
2603,C3D#3G3,C4C5
2604,G2,A3D4F#4
2605,z,G4
2606,z,G5
2607,F#3,F#5
2608,z,A5
2609,z,A4
2610,z,G4
2611,F3G#3C4,F5G#5C6F6
2612,z,D5F5
2613,G#3D4,C4F4G#4
2614,z,E5
2615,z,A4
2616,z,E5
2617,G3C4D#4,C5D#5C6
2618,z,A4
2619,z,A5
2620,F#3,F#5
2621,G2,B4D5G5
2622,C4,D#5
2623,z,B5
2624,D3F3G#3A#3,D5F5D6
2625,z,G5
2626,z,A5
2627,G3,D#4
2628,z,z
2629,z,G5
2630,z,z
2631,z,E5
2632,G1G2,G2B2D3G3
2633,G3,B4
2634,C2C3,C5D#5G5C6
2635,A#2,A#4
2636,C3,C6
2637,F3,D4
2638,z,z
2639,G3D4F4G4,B2
2640,z,F5
2641,z,E5
2642,C4D4,B4G#5
2643,z,D5
2644,z,G5
2645,C#4,C#5
2646,F3,F4
2647,E3G3,C5E5
2648,z,E5
2649,z,F5
2650,z,E4
2651,z,z
2652,G3,B4
2653,z,C5
2654,z,D5
2655,G3D4F4,G4B4G5
2656,z,D5
2657,z,D5
2658,z,C5
2659,z,A5
2660,C#4,C#5
2661,z,C5
2662,z,C5
2663,z,E4
2664,z,G4
2665,z,D5
2666,z,F5
2667,z,D6
2668,z,C5
2669,z,D5
2670,C3D#3F#3,F#4F#5
2671,z,B5
2672,z,z
2673,A#2D3G#3,F4A#4D5
2674,z,G5
2675,z,E5
2676,C#4,C#5
2677,F3,F4
2678,z,D5F5
2679,C#4,C#5
2680,z,D5
2681,F3G#3C4,F5G#5C6F6
2682,F3,D4
2683,G3,F#4
2684,E3G3,C5E5
2685,C4D4,C5A5
2686,z,G5
2687,G#2,C5D#5G#5C6
2688,z,z
2689,D#3G3C#4,D5G5B5
2690,D3F3G3,G#4G#5
2691,A#2D#3G3,G4A#4D#5
2692,F3G#3D4,D5F5A#5D6
2693,G3,F#4
2694,D3,F#4D5
2695,z,E5G5C6
2696,z,G3
2697,A#2D#3G3,G4A#4D#5
2698,z,E4
2699,z,C5
2700,G3,A#5
2701,z,A5
2702,z,D5F5
2703,z,G5
2704,G1G2,B3D4G4B4
2705,G3,B4
2706,z,z
2707,C3D#3G3,D#5G5D#6
2708,F3,D4
2709,z,A5
2710,F3,D4
2711,z,D5
2712,G#3C4D4F4,F3
2713,z,z
2714,G3,E4G4
2715,z,E5G5C6
2716,C4,G5A#5
2717,z,z
2718,z,G4
2719,G3C4D#4,C5D#5C6
2720,C#4,C#5
2721,z,G3
2722,z,D6
2723,G3,B4
2724,F3G#3C4,F4F5
2725,D#3G#3C4,C5D#5
2726,C4D4,C5A5
2727,z,z
2728,G3,D#4
2729,z,G3
2730,z,A4
2731,F3G#3C4,G5D6G6
2732,A2,F#3A3C#4
2733,z,A4
2734,z,A4
2735,C3,C4
2736,z,F5
2737,G3,F#4
2738,z,C5
2739,E4,E4C5
2740,z,F5
2741,z,C5
2742,z,z
2743,z,D6
2744,z,D5F5
2745,z,G4
2746,z,G4
2747,z,z
2748,z,A4
2749,z,E5
2750,F3G#3A#3D4,D4F4G#4C5
2751,z,B5
2752,z,C5
2753,F3,F4
2754,z,G5
2755,z,G5
2756,z,z
2757,z,G4
2758,z,G5
2759,F3,D4
2760,z,D5
2761,z,C5
2762,C4D#4G4,C3
2763,z,D5F5
2764,z,D5
2765,z,D5
2766,C#4,C#5
2767,z,D5
2768,A#2,G5A#5F6
2769,z,G4
2770,z,A5
2771,z,D5
2772,F3,F4
2773,A#2,A#4
2774,z,C5
2775,z,D6
2776,z,C5
2777,z,G4
2778,E2,E3G3B3
2779,z,z
2780,D#3G#3C4,C5D#5
2781,E2E3,B3E4G#4
2782,F#3,F#5
2783,E2,E3G3B3
2784,z,A4
2785,F3,D4
2786,z,A4
2787,D#3G#3C4,C5D#5
2788,A#2D#3G3,G4A#4
2789,z,E5
2790,z,G5
2791,F#3,F#5
2792,z,E5
2793,G3,B4
2794,F3,D4
2795,z,A4
2796,C3,C6
2797,F3G#3C4,F5G#5C6F6
2798,G3,B4
2799,z,D5
2800,G3,D#4
2801,A#2D#3G3,G4A#4D#5
2802,z,E5
2803,z,F5
2804,F3,D4
2805,G2,A#3D4G4
2806,z,D5
2807,C3D#3G3,G4G5
2808,z,E5
2809,G3,B4
2810,z,A5
2811,z,E5
2812,z,A4
2813,D3,G4B4
2814,z,z
2815,z,E5
2816,z,G4
2817,F3,F4
2818,F3,D4
2819,F3,F4
2820,z,C5
2821,z,G4
2822,z,D4F4
